[{"model": "injection_test.task", "pk": 1, "fields": {"name": "new task", "comment": "", "page": "https://www.hao123.com"}}, {"model": "injection_test.task", "pk": 2, "fields": {"name": "new task", "comment": "", "page": "https://www.hao123.com"}}, {"model": "injection_test.task", "pk": 3, "fields": {"name": "new task", "comment": "", "page": "https://www.hao123.com"}}, {"model": "injection_test.policy", "pk": 1, "fields": {"name": "Quick Scan", "comment": "A quick simple scan", "task": []}}, {"model": "injection_test.iobject", "pk": 1, "fields": {"task": 1, "i_url": "http://update.123juzi.net/dl.php", "i_method": 1}}, {"model": "injection_test.iobject", "pk": 2, "fields": {"task": 1, "i_url": "http://update.123juzi.net/dl.php", "i_method": 1}}, {"model": "injection_test.iobject", "pk": 3, "fields": {"task": 1, "i_url": "http://www.hao123.com/2015fankui", "i_method": 1}}, {"model": "injection_test.iobject", "pk": 4, "fields": {"task": 1, "i_url": "wrong injection_url", "i_method": 1}}, {"model": "injection_test.iobject", "pk": 5, "fields": {"task": 1, "i_url": "http://update.123juzi.net/dl.php", "i_method": 1}}, {"model": "injection_test.iobject", "pk": 6, "fields": {"task": 1, "i_url": "wrong injection_url", "i_method": 1}}, {"model": "injection_test.iobject", "pk": 7, "fields": {"task": 1, "i_url": "http://www.hao123.com/sethome", "i_method": 1}}, {"model": "injection_test.iobject", "pk": 8, "fields": {"task": 1, "i_url": "http://www.hao123.com/sethome", "i_method": 1}}, {"model": "injection_test.iobject", "pk": 9, "fields": {"task": 1, "i_url": "wrong injection_url", "i_method": 1}}, {"model": "injection_test.iobject", "pk": 10, "fields": {"task": 1, "i_url": "wrong injection_url", "i_method": 1}}, {"model": "injection_test.iobject", "pk": 11, "fields": {"task": 1, "i_url": "wrong injection_url", "i_method": 1}}, {"model": "injection_test.iobject", "pk": 12, "fields": {"task": 1, "i_url": "wrong injection_url", "i_method": 1}}, {"model": "injection_test.iobject", "pk": 13, "fields": {"task": 1, "i_url": "wrong injection_url", "i_method": 1}}, {"model": "injection_test.iobject", "pk": 14, "fields": {"task": 1, "i_url": "http://www.hao123.com/xingzuonew.html", "i_method": 1}}, {"model": "injection_test.iobject", "pk": 15, "fields": {"task": 1, "i_url": "http://www.hao123.com/xingzuonew.html", "i_method": 1}}, {"model": "injection_test.iobject", "pk": 16, "fields": {"task": 1, "i_url": "http://www.hao123.com/xingzuonew.html", "i_method": 1}}, {"model": "injection_test.iobject", "pk": 17, "fields": {"task": 1, "i_url": "http://www.hao123.com/xingzuonew.html", "i_method": 1}}, {"model": "injection_test.iobject", "pk": 18, "fields": {"task": 1, "i_url": "http://www.hao123.com/xingzuonew.html", "i_method": 1}}, {"model": "injection_test.iobject", "pk": 19, "fields": {"task": 1, "i_url": "http://www.hao123.com/xingzuonew.html", "i_method": 1}}, {"model": "injection_test.iobject", "pk": 20, "fields": {"task": 1, "i_url": "http://www.hao123.com/xingzuonew.html", "i_method": 1}}, {"model": "injection_test.iobject", "pk": 21, "fields": {"task": 1, "i_url": "http://www.hao123.com/xingzuonew.html", "i_method": 1}}, {"model": "injection_test.iobject", "pk": 22, "fields": {"task": 1, "i_url": "http://www.hao123.com/xingzuonew.html", "i_method": 1}}, {"model": "injection_test.iobject", "pk": 23, "fields": {"task": 1, "i_url": "http://www.hao123.com/xingzuonew.html", "i_method": 1}}, {"model": "injection_test.iobject", "pk": 24, "fields": {"task": 1, "i_url": "http://www.hao123.com/xingzuonew.html", "i_method": 1}}, {"model": "injection_test.iobject", "pk": 25, "fields": {"task": 1, "i_url": "http://www.hao123.com/xingzuonew.html", "i_method": 1}}, {"model": "injection_test.iobject", "pk": 26, "fields": {"task": 1, "i_url": "http://www.hao123.com/xingzuonew.html", "i_method": 1}}, {"model": "injection_test.iobject", "pk": 27, "fields": {"task": 1, "i_url": "http://www.hao123.com/xingzuonew.html", "i_method": 1}}, {"model": "injection_test.iobject", "pk": 28, "fields": {"task": 1, "i_url": "http://www.hao123.com/xingzuonew.html", "i_method": 1}}, {"model": "injection_test.iobject", "pk": 29, "fields": {"task": 1, "i_url": "http://www.hao123.com/xingzuonew.html", "i_method": 1}}, {"model": "injection_test.iobject", "pk": 30, "fields": {"task": 1, "i_url": "http://www.hao123.com/xingzuonew.html", "i_method": 1}}, {"model": "injection_test.iobject", "pk": 31, "fields": {"task": 1, "i_url": "http://www.hao123.com/xingzuonew.html", "i_method": 1}}, {"model": "injection_test.iobject", "pk": 32, "fields": {"task": 1, "i_url": "http://haokan.baidu.com/pc/doc/content", "i_method": 1}}, {"model": "injection_test.iobject", "pk": 33, "fields": {"task": 1, "i_url": "http://haokan.baidu.com/pc/doc/content", "i_method": 1}}, {"model": "injection_test.iobject", "pk": 34, "fields": {"task": 1, "i_url": "http://haokan.baidu.com/pc/doc/content", "i_method": 1}}, {"model": "injection_test.iobject", "pk": 35, "fields": {"task": 1, "i_url": "http://haokan.baidu.com/pc/doc/content", "i_method": 1}}, {"model": "injection_test.iobject", "pk": 36, "fields": {"task": 1, "i_url": "http://haokan.baidu.com/pc/doc/content", "i_method": 1}}, {"model": "injection_test.iobject", "pk": 37, "fields": {"task": 1, "i_url": "http://haokan.baidu.com/pc/doc/content", "i_method": 1}}, {"model": "injection_test.iobject", "pk": 38, "fields": {"task": 1, "i_url": "http://www.hao123.com/baiduhaokan", "i_method": 1}}, {"model": "injection_test.iobject", "pk": 39, "fields": {"task": 1, "i_url": "wrong injection_url", "i_method": 1}}, {"model": "injection_test.iobject", "pk": 40, "fields": {"task": 1, "i_url": "wrong injection_url", "i_method": 1}}, {"model": "injection_test.iobject", "pk": 41, "fields": {"task": 1, "i_url": "http://www.hao123.com/mailproxy", "i_method": 1}}, {"model": "injection_test.iobject", "pk": 42, "fields": {"task": 1, "i_url": "http://update.123juzi.net/dl3.php", "i_method": 1}}, {"model": "injection_test.iobject", "pk": 43, "fields": {"task": 1, "i_url": "https://www.hao123.com/api/ajax", "i_method": 1}}, {"model": "injection_test.iobject", "pk": 44, "fields": {"task": 1, "i_url": "https://www.hao123.com/", "i_method": 1}}, {"model": "injection_test.iobject", "pk": 45, "fields": {"task": 1, "i_url": "http://www.baidu.com/", "i_method": 1}}, {"model": "injection_test.iobject", "pk": 46, "fields": {"task": 1, "i_url": "wrong injection_url", "i_method": 1}}, {"model": "injection_test.iobject", "pk": 47, "fields": {"task": 1, "i_url": "http://www.hao123.com", "i_method": 1}}, {"model": "injection_test.iobject", "pk": 48, "fields": {"task": 1, "i_url": "http://music.baidu.com", "i_method": 1}}, {"model": "injection_test.iobject", "pk": 49, "fields": {"task": 1, "i_url": "http://v.baidu.com", "i_method": 1}}, {"model": "injection_test.iobject", "pk": 50, "fields": {"task": 1, "i_url": "http://image.baidu.com", "i_method": 1}}, {"model": "injection_test.iobject", "pk": 51, "fields": {"task": 1, "i_url": "http://tieba.baidu.com", "i_method": 1}}, {"model": "injection_test.iobject", "pk": 52, "fields": {"task": 1, "i_url": "http://zhidao.baidu.com", "i_method": 1}}, {"model": "injection_test.iobject", "pk": 53, "fields": {"task": 1, "i_url": "http://news.baidu.com", "i_method": 1}}, {"model": "injection_test.iobject", "pk": 54, "fields": {"task": 1, "i_url": "http://map.baidu.com", "i_method": 1}}, {"model": "injection_test.iobject", "pk": 55, "fields": {"task": 1, "i_url": "http://www.baidu.com/more/", "i_method": 1}}, {"model": "injection_test.iobject", "pk": 56, "fields": {"task": 1, "i_url": "http://top.baidu.com/buzz", "i_method": 1}}, {"model": "injection_test.iobject", "pk": 57, "fields": {"task": 1, "i_url": "wrong injection_url", "i_method": 1}}, {"model": "injection_test.iobject", "pk": 58, "fields": {"task": 1, "i_url": "http://dl.123juzi.net/hao123_1.1.9.1022_[c=1111]__97704245_o2_hao_.exe", "i_method": 1}}, {"model": "injection_test.iobject", "pk": 59, "fields": {"task": 1, "i_url": "http://www.hao123.com/top", "i_method": 1}}, {"model": "injection_test.iobject", "pk": 60, "fields": {"task": 1, "i_url": "http://www.baidu.com/s", "i_method": 1}}, {"model": "injection_test.iobject", "pk": 61, "fields": {"task": 1, "i_url": "http://www.baidu.com/s", "i_method": 1}}, {"model": "injection_test.iobject", "pk": 62, "fields": {"task": 1, "i_url": "http://www.baidu.com/s", "i_method": 1}}, {"model": "injection_test.iobject", "pk": 63, "fields": {"task": 1, "i_url": "http://www.baidu.com/s", "i_method": 1}}, {"model": "injection_test.iobject", "pk": 64, "fields": {"task": 1, "i_url": "http://www.baidu.com/s", "i_method": 1}}, {"model": "injection_test.iobject", "pk": 65, "fields": {"task": 1, "i_url": "http://www.baidu.com/s", "i_method": 1}}, {"model": "injection_test.iobject", "pk": 66, "fields": {"task": 1, "i_url": "http://www.baidu.com/s", "i_method": 1}}, {"model": "injection_test.iobject", "pk": 67, "fields": {"task": 1, "i_url": "http://www.baidu.com/s", "i_method": 1}}, {"model": "injection_test.iobject", "pk": 68, "fields": {"task": 1, "i_url": "http://www.baidu.com/s", "i_method": 1}}, {"model": "injection_test.iobject", "pk": 69, "fields": {"task": 1, "i_url": "https://reg.163.com/CheckUser.jsp", "i_method": 2}}, {"model": "injection_test.iobject", "pk": 70, "fields": {"task": 1, "i_url": "https://www.baidu.com/s", "i_method": 1}}, {"model": "injection_test.iparameter", "pk": 1, "fields": {"i_object": 1, "name": "", "i_value": ""}}, {"model": "injection_test.iparameter", "pk": 2, "fields": {"i_object": 1, "name": "", "i_value": ""}}, {"model": "injection_test.iparameter", "pk": 3, "fields": {"i_object": 2, "name": "", "i_value": ""}}, {"model": "injection_test.iparameter", "pk": 4, "fields": {"i_object": 2, "name": "", "i_value": ""}}, {"model": "injection_test.iparameter", "pk": 5, "fields": {"i_object": 3, "name": "", "i_value": ""}}, {"model": "injection_test.iparameter", "pk": 6, "fields": {"i_object": 4, "name": "", "i_value": ""}}, {"model": "injection_test.iparameter", "pk": 7, "fields": {"i_object": 5, "name": "", "i_value": ""}}, {"model": "injection_test.iparameter", "pk": 8, "fields": {"i_object": 5, "name": "", "i_value": ""}}, {"model": "injection_test.iparameter", "pk": 9, "fields": {"i_object": 6, "name": "", "i_value": ""}}, {"model": "injection_test.iparameter", "pk": 10, "fields": {"i_object": 7, "name": "", "i_value": ""}}, {"model": "injection_test.iparameter", "pk": 11, "fields": {"i_object": 8, "name": "", "i_value": ""}}, {"model": "injection_test.iparameter", "pk": 12, "fields": {"i_object": 9, "name": "", "i_value": ""}}, {"model": "injection_test.iparameter", "pk": 13, "fields": {"i_object": 10, "name": "", "i_value": ""}}, {"model": "injection_test.iparameter", "pk": 14, "fields": {"i_object": 11, "name": "", "i_value": ""}}, {"model": "injection_test.iparameter", "pk": 15, "fields": {"i_object": 12, "name": "", "i_value": ""}}, {"model": "injection_test.iparameter", "pk": 16, "fields": {"i_object": 13, "name": "", "i_value": ""}}, {"model": "injection_test.iparameter", "pk": 17, "fields": {"i_object": 14, "name": "", "i_value": ""}}, {"model": "injection_test.iparameter", "pk": 18, "fields": {"i_object": 15, "name": "", "i_value": ""}}, {"model": "injection_test.iparameter", "pk": 19, "fields": {"i_object": 15, "name": "", "i_value": ""}}, {"model": "injection_test.iparameter", "pk": 20, "fields": {"i_object": 16, "name": "", "i_value": ""}}, {"model": "injection_test.iparameter", "pk": 21, "fields": {"i_object": 16, "name": "", "i_value": ""}}, {"model": "injection_test.iparameter", "pk": 22, "fields": {"i_object": 17, "name": "", "i_value": ""}}, {"model": "injection_test.iparameter", "pk": 23, "fields": {"i_object": 17, "name": "", "i_value": ""}}, {"model": "injection_test.iparameter", "pk": 24, "fields": {"i_object": 18, "name": "", "i_value": ""}}, {"model": "injection_test.iparameter", "pk": 25, "fields": {"i_object": 18, "name": "", "i_value": ""}}, {"model": "injection_test.iparameter", "pk": 26, "fields": {"i_object": 19, "name": "", "i_value": ""}}, {"model": "injection_test.iparameter", "pk": 27, "fields": {"i_object": 19, "name": "", "i_value": ""}}, {"model": "injection_test.iparameter", "pk": 28, "fields": {"i_object": 20, "name": "", "i_value": ""}}, {"model": "injection_test.iparameter", "pk": 29, "fields": {"i_object": 20, "name": "", "i_value": ""}}, {"model": "injection_test.iparameter", "pk": 30, "fields": {"i_object": 21, "name": "", "i_value": ""}}, {"model": "injection_test.iparameter", "pk": 31, "fields": {"i_object": 21, "name": "", "i_value": ""}}, {"model": "injection_test.iparameter", "pk": 32, "fields": {"i_object": 22, "name": "", "i_value": ""}}, {"model": "injection_test.iparameter", "pk": 33, "fields": {"i_object": 22, "name": "", "i_value": ""}}, {"model": "injection_test.iparameter", "pk": 34, "fields": {"i_object": 23, "name": "", "i_value": ""}}, {"model": "injection_test.iparameter", "pk": 35, "fields": {"i_object": 23, "name": "", "i_value": ""}}, {"model": "injection_test.iparameter", "pk": 36, "fields": {"i_object": 24, "name": "", "i_value": ""}}, {"model": "injection_test.iparameter", "pk": 37, "fields": {"i_object": 24, "name": "", "i_value": ""}}, {"model": "injection_test.iparameter", "pk": 38, "fields": {"i_object": 25, "name": "", "i_value": ""}}, {"model": "injection_test.iparameter", "pk": 39, "fields": {"i_object": 25, "name": "", "i_value": ""}}, {"model": "injection_test.iparameter", "pk": 40, "fields": {"i_object": 26, "name": "", "i_value": ""}}, {"model": "injection_test.iparameter", "pk": 41, "fields": {"i_object": 26, "name": "", "i_value": ""}}, {"model": "injection_test.iparameter", "pk": 42, "fields": {"i_object": 27, "name": "", "i_value": ""}}, {"model": "injection_test.iparameter", "pk": 43, "fields": {"i_object": 27, "name": "", "i_value": ""}}, {"model": "injection_test.iparameter", "pk": 44, "fields": {"i_object": 28, "name": "", "i_value": ""}}, {"model": "injection_test.iparameter", "pk": 45, "fields": {"i_object": 28, "name": "", "i_value": ""}}, {"model": "injection_test.iparameter", "pk": 46, "fields": {"i_object": 29, "name": "", "i_value": ""}}, {"model": "injection_test.iparameter", "pk": 47, "fields": {"i_object": 29, "name": "", "i_value": ""}}, {"model": "injection_test.iparameter", "pk": 48, "fields": {"i_object": 30, "name": "", "i_value": ""}}, {"model": "injection_test.iparameter", "pk": 49, "fields": {"i_object": 30, "name": "", "i_value": ""}}, {"model": "injection_test.iparameter", "pk": 50, "fields": {"i_object": 31, "name": "", "i_value": ""}}, {"model": "injection_test.iparameter", "pk": 51, "fields": {"i_object": 31, "name": "", "i_value": ""}}, {"model": "injection_test.iparameter", "pk": 52, "fields": {"i_object": 32, "name": "", "i_value": ""}}, {"model": "injection_test.iparameter", "pk": 53, "fields": {"i_object": 33, "name": "", "i_value": ""}}, {"model": "injection_test.iparameter", "pk": 54, "fields": {"i_object": 34, "name": "", "i_value": ""}}, {"model": "injection_test.iparameter", "pk": 55, "fields": {"i_object": 35, "name": "", "i_value": ""}}, {"model": "injection_test.iparameter", "pk": 56, "fields": {"i_object": 36, "name": "", "i_value": ""}}, {"model": "injection_test.iparameter", "pk": 57, "fields": {"i_object": 37, "name": "", "i_value": ""}}, {"model": "injection_test.iparameter", "pk": 58, "fields": {"i_object": 38, "name": "", "i_value": ""}}, {"model": "injection_test.iparameter", "pk": 59, "fields": {"i_object": 39, "name": "", "i_value": ""}}, {"model": "injection_test.iparameter", "pk": 60, "fields": {"i_object": 40, "name": "", "i_value": ""}}, {"model": "injection_test.iparameter", "pk": 61, "fields": {"i_object": 41, "name": "", "i_value": ""}}, {"model": "injection_test.iparameter", "pk": 62, "fields": {"i_object": 42, "name": "", "i_value": ""}}, {"model": "injection_test.iparameter", "pk": 63, "fields": {"i_object": 42, "name": "", "i_value": ""}}, {"model": "injection_test.iparameter", "pk": 64, "fields": {"i_object": 42, "name": "", "i_value": ""}}, {"model": "injection_test.iparameter", "pk": 65, "fields": {"i_object": 43, "name": "", "i_value": ""}}, {"model": "injection_test.iparameter", "pk": 66, "fields": {"i_object": 43, "name": "", "i_value": ""}}, {"model": "injection_test.iparameter", "pk": 67, "fields": {"i_object": 44, "name": "", "i_value": ""}}, {"model": "injection_test.iparameter", "pk": 68, "fields": {"i_object": 45, "name": "", "i_value": ""}}, {"model": "injection_test.iparameter", "pk": 69, "fields": {"i_object": 46, "name": "", "i_value": ""}}, {"model": "injection_test.iparameter", "pk": 70, "fields": {"i_object": 47, "name": "", "i_value": ""}}, {"model": "injection_test.iparameter", "pk": 71, "fields": {"i_object": 48, "name": "", "i_value": ""}}, {"model": "injection_test.iparameter", "pk": 72, "fields": {"i_object": 49, "name": "", "i_value": ""}}, {"model": "injection_test.iparameter", "pk": 73, "fields": {"i_object": 50, "name": "", "i_value": ""}}, {"model": "injection_test.iparameter", "pk": 74, "fields": {"i_object": 51, "name": "", "i_value": ""}}, {"model": "injection_test.iparameter", "pk": 75, "fields": {"i_object": 52, "name": "", "i_value": ""}}, {"model": "injection_test.iparameter", "pk": 76, "fields": {"i_object": 53, "name": "", "i_value": ""}}, {"model": "injection_test.iparameter", "pk": 77, "fields": {"i_object": 54, "name": "", "i_value": ""}}, {"model": "injection_test.iparameter", "pk": 78, "fields": {"i_object": 55, "name": "", "i_value": ""}}, {"model": "injection_test.iparameter", "pk": 79, "fields": {"i_object": 56, "name": "", "i_value": ""}}, {"model": "injection_test.iparameter", "pk": 80, "fields": {"i_object": 57, "name": "", "i_value": ""}}, {"model": "injection_test.iparameter", "pk": 81, "fields": {"i_object": 58, "name": "", "i_value": ""}}, {"model": "injection_test.iparameter", "pk": 82, "fields": {"i_object": 59, "name": "", "i_value": ""}}, {"model": "injection_test.iparameter", "pk": 83, "fields": {"i_object": 60, "name": "", "i_value": ""}}, {"model": "injection_test.iparameter", "pk": 84, "fields": {"i_object": 60, "name": "", "i_value": ""}}, {"model": "injection_test.iparameter", "pk": 85, "fields": {"i_object": 60, "name": "", "i_value": ""}}, {"model": "injection_test.iparameter", "pk": 86, "fields": {"i_object": 61, "name": "", "i_value": ""}}, {"model": "injection_test.iparameter", "pk": 87, "fields": {"i_object": 61, "name": "", "i_value": ""}}, {"model": "injection_test.iparameter", "pk": 88, "fields": {"i_object": 61, "name": "", "i_value": ""}}, {"model": "injection_test.iparameter", "pk": 89, "fields": {"i_object": 62, "name": "", "i_value": ""}}, {"model": "injection_test.iparameter", "pk": 90, "fields": {"i_object": 62, "name": "", "i_value": ""}}, {"model": "injection_test.iparameter", "pk": 91, "fields": {"i_object": 62, "name": "", "i_value": ""}}, {"model": "injection_test.iparameter", "pk": 92, "fields": {"i_object": 63, "name": "", "i_value": ""}}, {"model": "injection_test.iparameter", "pk": 93, "fields": {"i_object": 63, "name": "", "i_value": ""}}, {"model": "injection_test.iparameter", "pk": 94, "fields": {"i_object": 63, "name": "", "i_value": ""}}, {"model": "injection_test.iparameter", "pk": 95, "fields": {"i_object": 64, "name": "", "i_value": ""}}, {"model": "injection_test.iparameter", "pk": 96, "fields": {"i_object": 64, "name": "", "i_value": ""}}, {"model": "injection_test.iparameter", "pk": 97, "fields": {"i_object": 64, "name": "", "i_value": ""}}, {"model": "injection_test.iparameter", "pk": 98, "fields": {"i_object": 65, "name": "", "i_value": ""}}, {"model": "injection_test.iparameter", "pk": 99, "fields": {"i_object": 65, "name": "", "i_value": ""}}, {"model": "injection_test.iparameter", "pk": 100, "fields": {"i_object": 65, "name": "", "i_value": ""}}, {"model": "injection_test.iparameter", "pk": 101, "fields": {"i_object": 66, "name": "", "i_value": ""}}, {"model": "injection_test.iparameter", "pk": 102, "fields": {"i_object": 66, "name": "", "i_value": ""}}, {"model": "injection_test.iparameter", "pk": 103, "fields": {"i_object": 66, "name": "", "i_value": ""}}, {"model": "injection_test.iparameter", "pk": 104, "fields": {"i_object": 67, "name": "", "i_value": ""}}, {"model": "injection_test.iparameter", "pk": 105, "fields": {"i_object": 67, "name": "", "i_value": ""}}, {"model": "injection_test.iparameter", "pk": 106, "fields": {"i_object": 67, "name": "", "i_value": ""}}, {"model": "injection_test.iparameter", "pk": 107, "fields": {"i_object": 68, "name": "", "i_value": ""}}, {"model": "injection_test.iparameter", "pk": 108, "fields": {"i_object": 68, "name": "", "i_value": ""}}, {"model": "injection_test.iparameter", "pk": 109, "fields": {"i_object": 68, "name": "", "i_value": ""}}, {"model": "injection_test.iparameter", "pk": 110, "fields": {"i_object": 69, "name": "mailName", "i_value": ""}}, {"model": "injection_test.iparameter", "pk": 111, "fields": {"i_object": 69, "name": "mailPwd", "i_value": ""}}, {"model": "injection_test.iparameter", "pk": 112, "fields": {"i_object": 69, "name": "mailSubmit", "i_value": "\u767b\u5f55"}}, {"model": "injection_test.iparameter", "pk": 113, "fields": {"i_object": 70, "name": "word", "i_value": ""}}, {"model": "injection_test.iparameter", "pk": 114, "fields": {"i_object": 70, "name": "no name", "i_value": ""}}, {"model": "injection_test.iparameter", "pk": 115, "fields": {"i_object": 70, "name": "tn", "i_value": "sitehao123"}}, {"model": "injection_test.iparameter", "pk": 116, "fields": {"i_object": 70, "name": "ie", "i_value": "utf-8"}}]